Tanggal,IR-64 I
01-Jan-16,10000
02-Jan-16,10000
03-Jan-16,10000
04-Jan-16,10100
05-Jan-16,10200
06-Jan-16,10200
07-Jan-16,10200
08-Jan-16,10200
09-Jan-16,10200
10-Jan-16,10200
11-Jan-16,10300
12-Jan-16,10200
13-Jan-16,10200
14-Jan-16,10200
15-Jan-16,10200
16-Jan-16,10200
17-Jan-16,10200
18-Jan-16,10200
19-Jan-16,10200
20-Jan-16,10200
21-Jan-16,10200
22-Jan-16,10200
23-Jan-16,10200
24-Jan-16,10200
25-Jan-16,10300
26-Jan-16,10100
27-Jan-16,10100
28-Jan-16,10200
29-Jan-16,10000
30-Jan-16,10000
31-Jan-16,10000
01-Feb-16,10000
02-Feb-16,10100
03-Feb-16,10100
04-Feb-16,10100
05-Feb-16,10100
06-Feb-16,10100
07-Feb-16,10100
08-Feb-16,10100
09-Feb-16,10100
10-Feb-16,10100
11-Feb-16,10100
12-Feb-16,10000
13-Feb-16,10000
14-Feb-16,10000
15-Feb-16,10000
16-Feb-16,10000
17-Feb-16,10000
18-Feb-16,10000
19-Feb-16,10000
20-Feb-16,10000
21-Feb-16,10000
22-Feb-16,9950
23-Feb-16,9950
24-Feb-16,9950
25-Feb-16,10000
26-Feb-16,10000
27-Feb-16,10000
28-Feb-16,10000
29-Feb-16,10200
01-Mar-16,10300
02-Mar-16,10300
03-Mar-16,10300
04-Mar-16,10300
05-Mar-16,10300
06-Mar-16,10300
07-Mar-16,10400
08-Mar-16,10400
09-Mar-16,10400
10-Mar-16,10400
11-Mar-16,10400
12-Mar-16,10400
13-Mar-16,10400
14-Mar-16,10250
15-Mar-16,10200
16-Mar-16,10200
17-Mar-16,10200
18-Mar-16,10200
19-Mar-16,10200
20-Mar-16,10200
21-Mar-16,10200
22-Mar-16,10200
23-Mar-16,10000
24-Mar-16,10000
25-Mar-16,10000
26-Mar-16,10000
27-Mar-16,10000
28-Mar-16,10000
29-Mar-16,9900
30-Mar-16,9900
31-Mar-16,9900
01-Apr-16,9900
02-Apr-16,9900
03-Apr-16,9900
04-Apr-16,9900
05-Apr-16,9900
06-Apr-16,9900
07-Apr-16,9900
08-Apr-16,10000
09-Apr-16,10000
10-Apr-16,10000
11-Apr-16,10000
12-Apr-16,10000
13-Apr-16,10000
14-Apr-16,10000
15-Apr-16,10000
16-Apr-16,10000
17-Apr-16,10000
18-Apr-16,10000
19-Apr-16,9950
20-Apr-16,9950
21-Apr-16,9950
22-Apr-16,9950
23-Apr-16,9950
24-Apr-16,9950
25-Apr-16,9800
26-Apr-16,9800
27-Apr-16,9800
28-Apr-16,9800
29-Apr-16,9800
30-Apr-16,9800
01-May-16,9800
02-May-16,9800
03-May-16,9800
04-May-16,9800
05-May-16,9800
06-May-16,9800
07-May-16,9800
08-May-16,9800
09-May-16,9800
10-May-16,9800
11-May-16,9800
12-May-16,9800
13-May-16,9800
14-May-16,9800
15-May-16,9800
16-May-16,9900
17-May-16,10000
18-May-16,10000
19-May-16,10000
20-May-16,10000
21-May-16,10000
22-May-16,10000
23-May-16,10000
24-May-16,9900
25-May-16,9900
26-May-16,9900
27-May-16,9900
28-May-16,9900
29-May-16,9900
30-May-16,9700
31-May-16,9800
01-Jun-16,9800
02-Jun-16,9800
03-Jun-16,9800
04-Jun-16,9800
05-Jun-16,9800
06-Jun-16,9800
07-Jun-16,9500
08-Jun-16,9500
09-Jun-16,9500
10-Jun-16,9500
11-Jun-16,9500
12-Jun-16,9500
13-Jun-16,9500
14-Jun-16,9500
15-Jun-16,9500
16-Jun-16,9500
17-Jun-16,9500
18-Jun-16,9500
19-Jun-16,9500
20-Jun-16,9500
21-Jun-16,9500
22-Jun-16,9650
23-Jun-16,9650
24-Jun-16,9650
25-Jun-16,9650
26-Jun-16,9650
27-Jun-16,9700
28-Jun-16,9700
29-Jun-16,9750
30-Jun-16,10000
01-Jul-16,10000
02-Jul-16,10000
03-Jul-16,10000
04-Jul-16,10000
05-Jul-16,10000
06-Jul-16,10000
07-Jul-16,10000
08-Jul-16,10000
09-Jul-16,10000
10-Jul-16,10000
11-Jul-16,10000
12-Jul-16,10000
13-Jul-16,9800
14-Jul-16,9800
15-Jul-16,9800
16-Jul-16,9800
17-Jul-16,9800
18-Jul-16,9800
19-Jul-16,9800
20-Jul-16,9800
21-Jul-16,9800
22-Jul-16,9800
23-Jul-16,9800
24-Jul-16,9800
25-Jul-16,9800
26-Jul-16,9900
27-Jul-16,9900
28-Jul-16,9900
29-Jul-16,9900
30-Jul-16,9900
31-Jul-16,9900
01-Aug-16,10000
02-Aug-16,9850
03-Aug-16,9800
04-Aug-16,9800
05-Aug-16,9800
06-Aug-16,9800
07-Aug-16,9800
08-Aug-16,9900
09-Aug-16,10000
10-Aug-16,10000
11-Aug-16,10000
12-Aug-16,10000
13-Aug-16,10000
14-Aug-16,10000
15-Aug-16,10000
16-Aug-16,10000
17-Aug-16,10000
18-Aug-16,10000
19-Aug-16,10000
20-Aug-16,10000
21-Aug-16,10000
22-Aug-16,10000
23-Aug-16,9850
24-Aug-16,9900
25-Aug-16,10000
26-Aug-16,10000
27-Aug-16,10000
28-Aug-16,10000
29-Aug-16,10100
30-Aug-16,10100
31-Aug-16,10100
01-Sep-16,10100
02-Sep-16,10100
03-Sep-16,10100
04-Sep-16,10100
05-Sep-16,10100
06-Sep-16,10000
07-Sep-16,10000
08-Sep-16,10000
09-Sep-16,10000
10-Sep-16,10000
11-Sep-16,10000
12-Sep-16,10000
13-Sep-16,10000
14-Sep-16,10000
15-Sep-16,10000
16-Sep-16,10000
17-Sep-16,10000
18-Sep-16,10000
19-Sep-16,10000
20-Sep-16,10000
21-Sep-16,10000
22-Sep-16,10000
23-Sep-16,10000
24-Sep-16,10000
25-Sep-16,10000
26-Sep-16,10000
27-Sep-16,10000
28-Sep-16,10000
29-Sep-16,10000
30-Sep-16,10000
01-Oct-16,10000
02-Oct-16,10000
03-Oct-16,10000
04-Oct-16,10000
05-Oct-16,10000
06-Oct-16,10000
07-Oct-16,10000
08-Oct-16,10000
09-Oct-16,10000
10-Oct-16,10000
11-Oct-16,10000
12-Oct-16,10000
13-Oct-16,10000
14-Oct-16,10000
15-Oct-16,10000
16-Oct-16,10000
17-Oct-16,10000
18-Oct-16,10000
19-Oct-16,10000
20-Oct-16,10000
21-Oct-16,10000
22-Oct-16,10000
23-Oct-16,10000
24-Oct-16,10000
25-Oct-16,10000
26-Oct-16,10000
27-Oct-16,10000
28-Oct-16,10000
29-Oct-16,10000
30-Oct-16,10000
31-Oct-16,10000
01-Nov-16,9900
02-Nov-16,9900
03-Nov-16,9900
04-Nov-16,9900
05-Nov-16,9900
06-Nov-16,9900
07-Nov-16,9900
08-Nov-16,9900
09-Nov-16,10000
10-Nov-16,10000
11-Nov-16,10000
12-Nov-16,10000
13-Nov-16,10000
14-Nov-16,10000
15-Nov-16,10000
16-Nov-16,10000
17-Nov-16,10000
18-Nov-16,10000
19-Nov-16,10000
20-Nov-16,10000
21-Nov-16,10000
22-Nov-16,9900
23-Nov-16,9900
24-Nov-16,9900
25-Nov-16,9900
26-Nov-16,9900
27-Nov-16,9900
28-Nov-16,10000
29-Nov-16,10000
30-Nov-16,10000
01-Dec-16,10000
02-Dec-16,10000
03-Dec-16,10000
04-Dec-16,10000
05-Dec-16,10000
06-Dec-16,10100
07-Dec-16,10100
08-Dec-16,10100
09-Dec-16,10100
10-Dec-16,10100
11-Dec-16,10100
12-Dec-16,10100
13-Dec-16,10100
14-Dec-16,10000
15-Dec-16,10000
16-Dec-16,10000
17-Dec-16,10000
18-Dec-16,10000
19-Dec-16,10000
20-Dec-16,10000
21-Dec-16,10000
22-Dec-16,10000
23-Dec-16,10000
24-Dec-16,10000
25-Dec-16,10000
26-Dec-16,10000
27-Dec-16,10000
28-Dec-16,10000
29-Dec-16,10000
30-Dec-16,10000
31-Dec-16,10000
01-Jan-17,10000
02-Jan-17,10000
03-Jan-17,10000
04-Jan-17,10000
05-Jan-17,10000
06-Jan-17,10100
07-Jan-17,10100
08-Jan-17,10100
09-Jan-17,10100
10-Jan-17,10100
11-Jan-17,10150
12-Jan-17,10150
13-Jan-17,10150
14-Jan-17,10150
15-Jan-17,10150
16-Jan-17,10150
17-Jan-17,10150
18-Jan-17,10200
19-Jan-17,10150
20-Jan-17,10200
21-Jan-17,10200
22-Jan-17,10200
23-Jan-17,10200
24-Jan-17,10200
25-Jan-17,10200
26-Jan-17,10200
27-Jan-17,10200
28-Jan-17,10200
29-Jan-17,10200
30-Jan-17,10200
31-Jan-17,10200
01-Feb-17,10150
02-Feb-17,10150
03-Feb-17,10150
04-Feb-17,10150
05-Feb-17,10150
06-Feb-17,10100
07-Feb-17,10100
08-Feb-17,10100
09-Feb-17,10000
10-Feb-17,10000
11-Feb-17,10000
12-Feb-17,10000
13-Feb-17,10000
14-Feb-17,10000
15-Feb-17,10000
16-Feb-17,10000
17-Feb-17,10000
18-Feb-17,10000
19-Feb-17,10000
20-Feb-17,10000
21-Feb-17,10000
22-Feb-17,10000
23-Feb-17,10000
24-Feb-17,10000
25-Feb-17,10000
26-Feb-17,10000
27-Feb-17,9900
28-Feb-17,9900
01-Mar-17,9900
02-Mar-17,9900
03-Mar-17,9700
04-Mar-17,9700
05-Mar-17,9700
06-Mar-17,9600
07-Mar-17,9600
08-Mar-17,9600
09-Mar-17,9600
10-Mar-17,9600
11-Mar-17,9600
12-Mar-17,9600
13-Mar-17,9600
14-Mar-17,9600
15-Mar-17,9700
16-Mar-17,9800
17-Mar-17,9800
18-Mar-17,9800
19-Mar-17,9800
20-Mar-17,9800
21-Mar-17,9800
22-Mar-17,9900
23-Mar-17,9900
24-Mar-17,9900
25-Mar-17,9900
26-Mar-17,9900
27-Mar-17,9900
28-Mar-17,9900
29-Mar-17,10000
30-Mar-17,10000
31-Mar-17,10000
01-Apr-17,10000
02-Apr-17,10000
03-Apr-17,10000
04-Apr-17,10000
05-Apr-17,10000
06-Apr-17,10000
07-Apr-17,10000
08-Apr-17,10000
09-Apr-17,10000
10-Apr-17,10000
11-Apr-17,10100
12-Apr-17,10100
13-Apr-17,10100
14-Apr-17,10100
15-Apr-17,10100
16-Apr-17,10100
17-Apr-17,10100
18-Apr-17,10100
19-Apr-17,10100
20-Apr-17,10100
21-Apr-17,10100
22-Apr-17,10100
23-Apr-17,10100
24-Apr-17,10100
25-Apr-17,10100
26-Apr-17,10000
27-Apr-17,10000
28-Apr-17,10000
29-Apr-17,10000
30-Apr-17,10000
01-May-17,10000
02-May-17,10000
03-May-17,10100
04-May-17,10100
05-May-17,10100
06-May-17,10100
07-May-17,10100
08-May-17,10100
09-May-17,10100
10-May-17,10100
11-May-17,10100
12-May-17,10100
13-May-17,10100
14-May-17,10100
15-May-17,10200
16-May-17,10200
17-May-17,10200
18-May-17,10200
19-May-17,10200
20-May-17,10200
21-May-17,10200
22-May-17,10200
23-May-17,10200
24-May-17,10200
25-May-17,10200
26-May-17,10200
27-May-17,10200
28-May-17,10200
29-May-17,10200
30-May-17,10200
31-May-17,10200
01-Jun-17,10200
02-Jun-17,10200
03-Jun-17,10200
04-Jun-17,10200
05-Jun-17,10200
06-Jun-17,10200
07-Jun-17,10200
08-Jun-17,10200
09-Jun-17,10200
10-Jun-17,10200
11-Jun-17,10200
12-Jun-17,10200
13-Jun-17,10200
14-Jun-17,10200
15-Jun-17,10200
16-Jun-17,10200
17-Jun-17,10200
18-Jun-17,10200
19-Jun-17,10200
20-Jun-17,10200
21-Jun-17,10200
22-Jun-17,10200
23-Jun-17,10200
24-Jun-17,10200
25-Jun-17,10200
26-Jun-17,10200
27-Jun-17,10200
28-Jun-17,10200
29-Jun-17,10200
30-Jun-17,10200
01-Jul-17,10200
02-Jul-17,10200
03-Jul-17,10200
04-Jul-17,10200
05-Jul-17,10200
06-Jul-17,10200
07-Jul-17,10200
08-Jul-17,10200
09-Jul-17,10200
10-Jul-17,10200
11-Jul-17,10200
12-Jul-17,10200
13-Jul-17,10200
14-Jul-17,10200
15-Jul-17,10200
16-Jul-17,10200
17-Jul-17,10000
18-Jul-17,10000
19-Jul-17,10000
20-Jul-17,10000
21-Jul-17,10000
22-Jul-17,10000
23-Jul-17,10000
24-Jul-17,10000
25-Jul-17,10150
26-Jul-17,10150
27-Jul-17,10150
28-Jul-17,10150
29-Jul-17,10150
30-Jul-17,10150
31-Jul-17,10150
01-Aug-17,10150
02-Aug-17,10150
03-Aug-17,10150
04-Aug-17,10100
05-Aug-17,10100
06-Aug-17,10100
07-Aug-17,10100
08-Aug-17,10150
09-Aug-17,10150
10-Aug-17,10000
11-Aug-17,10000
12-Aug-17,10000
13-Aug-17,10000
14-Aug-17,10100
15-Aug-17,10100
16-Aug-17,10100
17-Aug-17,10125
18-Aug-17,10125
19-Aug-17,10125
20-Aug-17,10125
21-Aug-17,10125
22-Aug-17,10125
23-Aug-17,10175
24-Aug-17,10175
25-Aug-17,10190
26-Aug-17,10190
27-Aug-17,10190
28-Aug-17,10200
29-Aug-17,10200
30-Aug-17,10200
31-Aug-17,10200
01-Sep-17,10200
02-Sep-17,10200
03-Sep-17,10200
04-Sep-17,10260
05-Sep-17,10260
06-Sep-17,10260
07-Sep-17,10260
08-Sep-17,10300
09-Sep-17,10300
10-Sep-17,10300
11-Sep-17,10300
12-Sep-17,10300
13-Sep-17,10325
14-Sep-17,10325
15-Sep-17,10325
16-Sep-17,10325
17-Sep-17,10325
18-Sep-17,10325
19-Sep-17,10325
20-Sep-17,10325
21-Sep-17,10325
22-Sep-17,10325
23-Sep-17,10325
24-Sep-17,10325
25-Sep-17,10300
26-Sep-17,10300
27-Sep-17,10300
28-Sep-17,10300
29-Sep-17,10300
30-Sep-17,10300
01-Oct-17,10300
02-Oct-17,10300
03-Oct-17,10300
04-Oct-17,10300
05-Oct-17,10300
06-Oct-17,10275
07-Oct-17,10275
08-Oct-17,10275
09-Oct-17,10300
10-Oct-17,10300
11-Oct-17,10300
12-Oct-17,10325
13-Oct-17,10325
14-Oct-17,10325
15-Oct-17,10325
16-Oct-17,10350
17-Oct-17,10525
18-Oct-17,10550
19-Oct-17,10550
20-Oct-17,10550
21-Oct-17,10500
22-Oct-17,10550
23-Oct-17,10550
24-Oct-17,10550
25-Oct-17,10550
26-Oct-17,10525
27-Oct-17,10525
28-Oct-17,10525
29-Oct-17,10525
30-Oct-17,10475
31-Oct-17,10500
01-Nov-17,10525
02-Nov-17,10525
03-Nov-17,10525
04-Nov-17,10525
05-Nov-17,10525
06-Nov-17,10550
07-Nov-17,10550
08-Nov-17,10550
09-Nov-17,10550
10-Nov-17,10600
11-Nov-17,10600
12-Nov-17,10600
13-Nov-17,10675
14-Nov-17,10675
15-Nov-17,10700
16-Nov-17,10675
17-Nov-17,10725
18-Nov-17,10725
19-Nov-17,10725
20-Nov-17,10725
21-Nov-17,10725
22-Nov-17,10700
23-Nov-17,10700
24-Nov-17,10725
25-Nov-17,10725
26-Nov-17,10725
27-Nov-17,10750
28-Nov-17,10800
29-Nov-17,10800
30-Nov-17,10700
01-Dec-17,10700
02-Dec-17,10700
03-Dec-17,10700
04-Dec-17,10700
05-Dec-17,10725
06-Dec-17,10725
07-Dec-17,10850
08-Dec-17,10875
09-Dec-17,10875
10-Dec-17,10875
11-Dec-17,10925
12-Dec-17,11100
13-Dec-17,11150
14-Dec-17,11300
15-Dec-17,11275
16-Dec-17,11275
17-Dec-17,11275
18-Dec-17,11350
19-Dec-17,11625
20-Dec-17,11550
21-Dec-17,11650
22-Dec-17,11600
23-Dec-17,11600
24-Dec-17,11600
25-Dec-17,11600
26-Dec-17,11600
27-Dec-17,11650
28-Dec-17,11775
29-Dec-17,11800
30-Dec-17,11800
31-Dec-17,11800
01-Jan-18,11800
02-Jan-18,11850
03-Jan-18,11950
04-Jan-18,11975
05-Jan-18,12050
06-Jan-18,12050
07-Jan-18,12050
08-Jan-18,12300
09-Jan-18,12350
10-Jan-18,12450
11-Jan-18,12475
12-Jan-18,12475
13-Jan-18,12475
14-Jan-18,12475
15-Jan-18,12475
16-Jan-18,12575
17-Jan-18,12600
18-Jan-18,12650
19-Jan-18,12650
20-Jan-18,12650
21-Jan-18,12650
22-Jan-18,12650
23-Jan-18,12650
24-Jan-18,12650
25-Jan-18,12650
26-Jan-18,12650
27-Jan-18,12475
28-Jan-18,12475
29-Jan-18,12225
30-Jan-18,12225
31-Jan-18,12200
01-Feb-18,12200
02-Feb-18,12100
03-Feb-18,12050
04-Feb-18,12050
05-Feb-18,12050
06-Feb-18,12100
07-Feb-18,12275
08-Feb-18,12325
09-Feb-18,12325
10-Feb-18,12325
11-Feb-18,12325
12-Feb-18,12200
13-Feb-18,12200
14-Feb-18,12200
15-Feb-18,12125
16-Feb-18,12125
17-Feb-18,12125
18-Feb-18,12125
19-Feb-18,11875
20-Feb-18,11850
21-Feb-18,11850
22-Feb-18,11725
23-Feb-18,11675
24-Feb-18,11675
25-Feb-18,11675
26-Feb-18,11550
27-Feb-18,11525
28-Feb-18,11525
01-Mar-18,11475
02-Mar-18,11525
03-Mar-18,11525
04-Mar-18,11525
05-Mar-18,11425
06-Mar-18,11375
07-Mar-18,11300
08-Mar-18,11350
09-Mar-18,11575
10-Mar-18,11575
11-Mar-18,11575
12-Mar-18,11450
13-Mar-18,11450
14-Mar-18,11325
15-Mar-18,11425
16-Mar-18,11250
17-Mar-18,11250
18-Mar-18,11250
19-Mar-18,11500
20-Mar-18,11425
21-Mar-18,11275
22-Mar-18,11325
23-Mar-18,11225
24-Mar-18,11225
25-Mar-18,11225
26-Mar-18,11250
27-Mar-18,11050
28-Mar-18,10900
29-Mar-18,10750
30-Mar-18,10750
31-Mar-18,10750
01-Apr-18,10750
02-Apr-18,10825
03-Apr-18,10825
04-Apr-18,10500
05-Apr-18,10500
06-Apr-18,10475
07-Apr-18,10475
08-Apr-18,10475
09-Apr-18,10525
10-Apr-18,10525
11-Apr-18,10325
12-Apr-18,10525
13-Apr-18,10350
14-Apr-18,10350
15-Apr-18,10350
16-Apr-18,10500
17-Apr-18,10425
18-Apr-18,10525
19-Apr-18,10450
20-Apr-18,10450
21-Apr-18,10450
22-Apr-18,10450
23-Apr-18,10525
24-Apr-18,10600
25-Apr-18,10700
26-Apr-18,10725
27-Apr-18,10725
28-Apr-18,10725
29-Apr-18,10725
30-Apr-18,10650
01-May-18,10650
02-May-18,10625
03-May-18,10800
04-May-18,10550
05-May-18,10550
06-May-18,10550
07-May-18,10525
08-May-18,10550
09-May-18,10625
10-May-18,10625
11-May-18,10675
12-May-18,10675
13-May-18,10675
14-May-18,10650
15-May-18,10650
16-May-18,10600
17-May-18,10650
18-May-18,10625
19-May-18,10625
20-May-18,10625
21-May-18,10600
22-May-18,10500
23-May-18,10550
24-May-18,10600
25-May-18,10550
26-May-18,10550
27-May-18,10550
28-May-18,10425
29-May-18,10425
30-May-18,10475
31-May-18,10500
01-Jun-18,10500
02-Jun-18,10500
03-Jun-18,10500
04-Jun-18,10425
05-Jun-18,10275
06-Jun-18,10250
07-Jun-18,10275
08-Jun-18,10300
09-Jun-18,10300
10-Jun-18,10300
11-Jun-18,10300
12-Jun-18,10300
13-Jun-18,10300
14-Jun-18,10300
15-Jun-18,10300
16-Jun-18,10300
17-Jun-18,10300
18-Jun-18,10300
19-Jun-18,10300
20-Jun-18,10300
21-Jun-18,10275
22-Jun-18,10275
23-Jun-18,10275
24-Jun-18,10275
25-Jun-18,10175
26-Jun-18,10325
27-Jun-18,10325
28-Jun-18,10350
29-Jun-18,10350
30-Jun-18,10350
01-Jul-18,10350
02-Jul-18,10200
03-Jul-18,10150
04-Jul-18,10150
05-Jul-18,10150
06-Jul-18,10150
07-Jul-18,10150
08-Jul-18,10150
09-Jul-18,10200
10-Jul-18,10200
11-Jul-18,10150
12-Jul-18,10050
13-Jul-18,10000
14-Jul-18,10000
15-Jul-18,10000
16-Jul-18,10075
17-Jul-18,10125
18-Jul-18,10050
19-Jul-18,10075
20-Jul-18,10025
21-Jul-18,10025
22-Jul-18,10025
23-Jul-18,10050
24-Jul-18,10200
25-Jul-18,10075
26-Jul-18,10100
27-Jul-18,10000
28-Jul-18,10000
29-Jul-18,10000
30-Jul-18,10125
31-Jul-18,10000
01-Aug-18,10100
02-Aug-18,10100
03-Aug-18,10125
04-Aug-18,10125
05-Aug-18,10125
06-Aug-18,10250
07-Aug-18,10275
08-Aug-18,10350
09-Aug-18,10400
10-Aug-18,10350
11-Aug-18,10350
12-Aug-18,10350
13-Aug-18,10450
14-Aug-18,10400
15-Aug-18,10400
16-Aug-18,10375
17-Aug-18,10375
18-Aug-18,10375
19-Aug-18,10375
20-Aug-18,10275
21-Aug-18,10275
22-Aug-18,10275
23-Aug-18,10275
24-Aug-18,10325
25-Aug-18,10325
26-Aug-18,10325
27-Aug-18,10375
28-Aug-18,10425
29-Aug-18,10425
30-Aug-18,10425
31-Aug-18,10425
01-Sep-18,10425
02-Sep-18,10425
03-Sep-18,10325
04-Sep-18,10375
05-Sep-18,10500
06-Sep-18,10375
07-Sep-18,10350
08-Sep-18,10350
09-Sep-18,10350
10-Sep-18,10250
11-Sep-18,10250
12-Sep-18,10300
13-Sep-18,10275
14-Sep-18,10375
15-Sep-18,10375
16-Sep-18,10375
17-Sep-18,10325
18-Sep-18,10325
19-Sep-18,10300
20-Sep-18,10300
21-Sep-18,10300
22-Sep-18,10300
23-Sep-18,10300
24-Sep-18,10325
25-Sep-18,10350
26-Sep-18,10400
27-Sep-18,10375
28-Sep-18,10325
29-Sep-18,10325
30-Sep-18,10325
01-Oct-18,10275
02-Oct-18,10375
03-Oct-18,10375
04-Oct-18,10325
05-Oct-18,10325
06-Oct-18,10325
07-Oct-18,10325
08-Oct-18,10275
09-Oct-18,10275
10-Oct-18,10325
11-Oct-18,10350
12-Oct-18,10350
13-Oct-18,10350
14-Oct-18,10350
15-Oct-18,10350
16-Oct-18,10350
17-Oct-18,10350
18-Oct-18,10300
19-Oct-18,10300
20-Oct-18,10300
21-Oct-18,10300
22-Oct-18,10325
23-Oct-18,10325
24-Oct-18,10375
25-Oct-18,10375
26-Oct-18,10425
27-Oct-18,10425
28-Oct-18,10425
29-Oct-18,10475
30-Oct-18,10500
31-Oct-18,10500
01-Nov-18,10450
02-Nov-18,10450
03-Nov-18,10450
04-Nov-18,10450
05-Nov-18,10450
06-Nov-18,10475
07-Nov-18,10500
08-Nov-18,10525
09-Nov-18,10525
10-Nov-18,10525
11-Nov-18,10525
12-Nov-18,10550
13-Nov-18,10550
14-Nov-18,10550
15-Nov-18,10550
16-Nov-18,10550
17-Nov-18,10550
18-Nov-18,10550
19-Nov-18,10550
20-Nov-18,10550
21-Nov-18,10550
22-Nov-18,10550
23-Nov-18,10550
24-Nov-18,10550
25-Nov-18,10550
26-Nov-18,10550
27-Nov-18,10550
28-Nov-18,10550
29-Nov-18,10550
30-Nov-18,10550
01-Dec-18,10550
02-Dec-18,10550
03-Dec-18,10550
04-Dec-18,10550
05-Dec-18,10550
06-Dec-18,10550
07-Dec-18,10550
08-Dec-18,10550
09-Dec-18,10550
10-Dec-18,10550
11-Dec-18,10550
12-Dec-18,10550
13-Dec-18,10600
14-Dec-18,10600
15-Dec-18,10600
16-Dec-18,10600
17-Dec-18,10600
18-Dec-18,10600
19-Dec-18,10600
20-Dec-18,10625
21-Dec-18,10650
22-Dec-18,10650
23-Dec-18,10650
24-Dec-18,10650
25-Dec-18,10650
26-Dec-18,10700
27-Dec-18,10750
28-Dec-18,10800
29-Dec-18,10800
30-Dec-18,10800
31-Dec-18,10800
01-Jan-19,10800
02-Jan-19,10875
03-Jan-19,10950
04-Jan-19,11000
05-Jan-19,11000
06-Jan-19,11000
07-Jan-19,11050
08-Jan-19,11125
09-Jan-19,11175
10-Jan-19,11175
11-Jan-19,11125
12-Jan-19,11125
13-Jan-19,11125
14-Jan-19,11100
15-Jan-19,11075
16-Jan-19,11050
17-Jan-19,11050
18-Jan-19,11050
19-Jan-19,11050
20-Jan-19,11050
21-Jan-19,11050
22-Jan-19,11000
23-Jan-19,11025
24-Jan-19,11025
25-Jan-19,11025
26-Jan-19,11025
27-Jan-19,11025
28-Jan-19,11000
29-Jan-19,11000
30-Jan-19,11000
31-Jan-19,11000
01-Feb-19,11000
02-Feb-19,11000
03-Feb-19,11000
04-Feb-19,11000
05-Feb-19,11000
06-Feb-19,11000
07-Feb-19,10975
08-Feb-19,10950
09-Feb-19,10950
10-Feb-19,10950
11-Feb-19,10950
12-Feb-19,10925
13-Feb-19,10900
14-Feb-19,10900
15-Feb-19,10875
16-Feb-19,10875
17-Feb-19,10875
18-Feb-19,10850
19-Feb-19,10825
20-Feb-19,10825
21-Feb-19,10825
22-Feb-19,10825
23-Feb-19,10825
24-Feb-19,10800
25-Feb-19,10775
26-Feb-19,10775
27-Feb-19,10775
28-Feb-19,10800
01-Mar-19,10800
02-Mar-19,10800
03-Mar-19,10800
04-Mar-19,10800
05-Mar-19,10775
06-Mar-19,10775
07-Mar-19,10775
08-Mar-19,10750
09-Mar-19,10750
10-Mar-19,10750
11-Mar-19,10725
12-Mar-19,10725
13-Mar-19,10700
14-Mar-19,10675
15-Mar-19,10650
16-Mar-19,10650
17-Mar-19,10650
18-Mar-19,10650
19-Mar-19,10650
20-Mar-19,10625
21-Mar-19,10600
22-Mar-19,10575
23-Mar-19,10575
24-Mar-19,10575
25-Mar-19,10550
26-Mar-19,10550
27-Mar-19,10550
28-Mar-19,10550
29-Mar-19,10525
30-Mar-19,10525
31-Mar-19,10525
01-Apr-19,10500
02-Apr-19,10500
03-Apr-19,10500
04-Apr-19,10500
05-Apr-19,10500
06-Apr-19,10500
07-Apr-19,10500
08-Apr-19,10475
09-Apr-19,10475
10-Apr-19,10450
11-Apr-19,10450
12-Apr-19,10450
13-Apr-19,10450
14-Apr-19,10450
15-Apr-19,10425
16-Apr-19,10400
17-Apr-19,10400
18-Apr-19,10400
19-Apr-19,10400
20-Apr-19,10400
21-Apr-19,10400
22-Apr-19,10400
23-Apr-19,10375
24-Apr-19,10375
25-Apr-19,10375
26-Apr-19,10350
27-Apr-19,10350
28-Apr-19,10350
29-Apr-19,10375
30-Apr-19,10400
01-May-19,10400
02-May-19,10425
03-May-19,10450
04-May-19,10450
05-May-19,10450
06-May-19,10450
07-May-19,10450
08-May-19,10475
09-May-19,10500
10-May-19,10500
11-May-19,10500
12-May-19,10500
13-May-19,10500
14-May-19,10550
15-May-19,10525
16-May-19,10525
17-May-19,10550
18-May-19,10550
19-May-19,10550
20-May-19,10550
21-May-19,10550
22-May-19,10525
23-May-19,10550
24-May-19,10550
25-May-19,10550
26-May-19,10550
27-May-19,10575
28-May-19,10550
29-May-19,10550
30-May-19,10550
31-May-19,10550
01-Jun-19,10550
02-Jun-19,10550
03-Jun-19,10550
04-Jun-19,10550
05-Jun-19,10550
06-Jun-19,10550
07-Jun-19,10550
08-Jun-19,10550
09-Jun-19,10550
10-Jun-19,10550
11-Jun-19,10550
12-Jun-19,10575
13-Jun-19,10575
14-Jun-19,10575
15-Jun-19,10575
16-Jun-19,10575
17-Jun-19,10550
18-Jun-19,10525
19-Jun-19,10525
20-Jun-19,10525
21-Jun-19,10525
22-Jun-19,10525
23-Jun-19,10525
24-Jun-19,10525
25-Jun-19,10500
26-Jun-19,10500
27-Jun-19,10475
28-Jun-19,10475
29-Jun-19,10475
30-Jun-19,10475
01-Jul-19,10475
02-Jul-19,10475
03-Jul-19,10475
04-Jul-19,10475
05-Jul-19,10475
06-Jul-19,10475
07-Jul-19,10475
08-Jul-19,10475
09-Jul-19,10475
10-Jul-19,10475
11-Jul-19,10475
12-Jul-19,10475
13-Jul-19,10475
14-Jul-19,10475
15-Jul-19,10475
16-Jul-19,10475
17-Jul-19,10500
18-Jul-19,10525
19-Jul-19,10525
20-Jul-19,10525
21-Jul-19,10525
22-Jul-19,10525
23-Jul-19,10525
24-Jul-19,10525
25-Jul-19,10525
26-Jul-19,10550
27-Jul-19,10550
28-Jul-19,10550
29-Jul-19,10252
30-Jul-19,10525
31-Jul-19,10525
01-Aug-19,10525
02-Aug-19,10550
03-Aug-19,10550
04-Aug-19,10550
05-Aug-19,10550
06-Aug-19,10550
07-Aug-19,10550
08-Aug-19,10550
09-Aug-19,10550
10-Aug-19,10550
11-Aug-19,10550
12-Aug-19,10550
13-Aug-19,10575
14-Aug-19,10575
15-Aug-19,10575
16-Aug-19,10575
17-Aug-19,10575
18-Aug-19,10575
19-Aug-19,10575
20-Aug-19,10575
21-Aug-19,10600
22-Aug-19,10575
23-Aug-19,10575
24-Aug-19,10575
25-Aug-19,10575
26-Aug-19,10600
27-Aug-19,10575
28-Aug-19,10575
29-Aug-19,10575
30-Aug-19,10575
31-Aug-19,10575
01-Sep-19,10575
02-Sep-19,10575
03-Sep-19,10575
04-Sep-19,10575
05-Sep-19,10575
06-Sep-19,10575
07-Sep-19,10575
08-Sep-19,10575
09-Sep-19,10575
10-Sep-19,10575
11-Sep-19,10575
12-Sep-19,10575
13-Sep-19,10600
14-Sep-19,10600
15-Sep-19,10600
16-Sep-19,10600
17-Sep-19,10600
18-Sep-19,10600
19-Sep-19,10600
20-Sep-19,10600
21-Sep-19,10600
22-Sep-19,10600
23-Sep-19,10600
24-Sep-19,10600
25-Sep-19,10600
26-Sep-19,10600
27-Sep-19,10600
28-Sep-19,10600
29-Sep-19,10600
30-Sep-19,10600
01-Oct-19,10600
02-Oct-19,10600
03-Oct-19,10600
04-Oct-19,10575
05-Oct-19,10575
06-Oct-19,10575
07-Oct-19,10550
08-Oct-19,10550
09-Oct-19,10550
10-Oct-19,10525
11-Oct-19,10525
12-Oct-19,10525
13-Oct-19,10525
14-Oct-19,10500
15-Oct-19,10500
16-Oct-19,10500
17-Oct-19,10500
18-Oct-19,10500
19-Oct-19,10500
20-Oct-19,10500
21-Oct-19,10500
22-Oct-19,10475
23-Oct-19,10475
24-Oct-19,10475
25-Oct-19,10475
26-Oct-19,10475
27-Oct-19,10475
28-Oct-19,10475
29-Oct-19,10475
30-Oct-19,10500
31-Oct-19,10500
01-Nov-19,10500
02-Nov-19,10500
03-Nov-19,10500
04-Nov-19,10500
05-Nov-19,10500
06-Nov-19,10500
07-Nov-19,10500
08-Nov-19,10500
09-Nov-19,10500
10-Nov-19,10500
11-Nov-19,10500
12-Nov-19,10500
13-Nov-19,10475
14-Nov-19,10475
15-Nov-19,10500
16-Nov-19,10500
17-Nov-19,10500
18-Nov-19,10500
19-Nov-19,10500
20-Nov-19,10475
21-Nov-19,10500
22-Nov-19,10500
23-Nov-19,10500
24-Nov-19,10500
25-Nov-19,10475
26-Nov-19,10475
27-Nov-19,10450
28-Nov-19,10450
29-Nov-19,10450
30-Nov-19,10450
01-Dec-19,10450
02-Dec-19,10450
03-Dec-19,10450
04-Dec-19,10450
05-Dec-19,10450
06-Dec-19,10450
07-Dec-19,10450
08-Dec-19,10450
09-Dec-19,10450
10-Dec-19,10475
11-Dec-19,10475
12-Dec-19,10475
13-Dec-19,10475
14-Dec-19,10475
15-Dec-19,10475
16-Dec-19,10475
17-Dec-19,10475
18-Dec-19,10475
19-Dec-19,10475
20-Dec-19,10500
21-Dec-19,10500
22-Dec-19,10500
23-Dec-19,10500
24-Dec-19,10500
25-Dec-19,10500
26-Dec-19,10500
27-Dec-19,10500
28-Dec-19,10500
29-Dec-19,10500
30-Dec-19,10525
31-Dec-19,10525
01-Jan-20,10525
02-Jan-20,10550
03-Jan-20,10575
04-Jan-20,10575
05-Jan-20,10575
06-Jan-20,10600
07-Jan-20,10625
08-Jan-20,10675
09-Jan-20,10675
10-Jan-20,10700
11-Jan-20,10700
12-Jan-20,10700
13-Jan-20,10700
14-Jan-20,10700
15-Jan-20,10700
16-Jan-20,10675
17-Jan-20,10675
18-Jan-20,10657
19-Jan-20,10675
20-Jan-20,10650
21-Jan-20,10650
22-Jan-20,10675
23-Jan-20,10675
24-Jan-20,10675
25-Jan-20,10675
26-Jan-20,10675
27-Jan-20,10675
28-Jan-20,10675
29-Jan-20,10675
30-Jan-20,10675
31-Jan-20,10675
01-Feb-20,10675
02-Feb-20,10675
03-Feb-20,10700
04-Feb-20,10700
05-Feb-20,10700
06-Feb-20,10725
07-Feb-20,10725
08-Feb-20,10725
09-Feb-20,10725
10-Feb-20,10750
11-Feb-20,10750
12-Feb-20,10750
13-Feb-20,10750
14-Feb-20,10750
15-Feb-20,10750
16-Feb-20,10750
17-Feb-20,10750
18-Feb-20,10750
19-Feb-20,10750
20-Feb-20,10775
21-Feb-20,10775
22-Feb-20,10775
23-Feb-20,10775
24-Feb-20,10800
25-Feb-20,10825
26-Feb-20,10825
27-Feb-20,10850
28-Feb-20,10875
29-Feb-20,10875
01-Mar-20,10875
02-Mar-20,10900
03-Mar-20,10925
04-Mar-20,10950
05-Mar-20,10975
06-Mar-20,11025
07-Mar-20,11025
08-Mar-20,11025
09-Mar-20,11050
10-Mar-20,11050
11-Mar-20,11075
12-Mar-20,11075
13-Mar-20,11100
14-Mar-20,11100
15-Mar-20,11100
16-Mar-20,11125
17-Mar-20,11150
18-Mar-20,11150
19-Mar-20,11150
20-Mar-20,11150
21-Mar-20,11150
22-Mar-20,11150
23-Mar-20,11150
24-Mar-20,11150
25-Mar-20,11150
26-Mar-20,11175
27-Mar-20,11200
28-Mar-20,11200
29-Mar-20,11200
30-Mar-20,11200
31-Mar-20,11200
01-Apr-20,11225
02-Apr-20,11225
03-Apr-20,11225
04-Apr-20,11225
05-Apr-20,11225
06-Apr-20,11225
07-Apr-20,11225
08-Apr-20,11225
09-Apr-20,11225
10-Apr-20,11225
11-Apr-20,11225
12-Apr-20,11225
13-Apr-20,11225
14-Apr-20,11200
15-Apr-20,11200
16-Apr-20,11200
17-Apr-20,11200
18-Apr-20,11200
19-Apr-20,11200
20-Apr-20,11200
21-Apr-20,11200
22-Apr-20,11175
23-Apr-20,11150
24-Apr-20,11150
25-Apr-20,11150
26-Apr-20,11150
27-Apr-20,11125
28-Apr-20,11100
29-Apr-20,11100
30-Apr-20,11100
01-May-20,11100
02-May-20,11100
03-May-20,11100
04-May-20,11075
05-May-20,11075
06-May-20,11050
07-May-20,11050
08-May-20,11025
09-May-20,11025
10-May-20,11025
11-May-20,11000
12-May-20,11000
13-May-20,10975
14-May-20,10975
15-May-20,10975
16-May-20,10975
17-May-20,10975
18-May-20,10975
19-May-20,10975
20-May-20,10950
21-May-20,10950
22-May-20,10950
23-May-20,10950
24-May-20,10950
25-May-20,10950
26-May-20,10950
27-May-20,10950
28-May-20,10950
29-May-20,10950
30-May-20,10950
31-May-20,10950
01-Jun-20,10950
02-Jun-20,10925
03-Jun-20,10925
04-Jun-20,10925
05-Jun-20,10925
06-Jun-20,10925
07-Jun-20,10925
08-Jun-20,10925
09-Jun-20,10925
10-Jun-20,10900
11-Jun-20,10900
12-Jun-20,10875
13-Jun-20,10875
14-Jun-20,10875
15-Jun-20,10850
16-Jun-20,10850
17-Jun-20,10850
18-Jun-20,10825
19-Jun-20,10800
20-Jun-20,10800
21-Jun-20,10800
22-Jun-20,10775
23-Jun-20,10775
24-Jun-20,10750
25-Jun-20,10725
26-Jun-20,10700
27-Jun-20,10700
28-Jun-20,10700
29-Jun-20,10675
30-Jun-20,10675
01-Jul-20,10650
02-Jul-20,10625
03-Jul-20,10625
04-Jul-20,10625
05-Jul-20,10625
06-Jul-20,10600
07-Jul-20,10600
08-Jul-20,10600
09-Jul-20,10600
10-Jul-20,10575
11-Jul-20,10575
12-Jul-20,10575
13-Jul-20,10575
14-Jul-20,10550
15-Jul-20,10550
16-Jul-20,10550
17-Jul-20,10550
18-Jul-20,10550
19-Jul-20,10550
20-Jul-20,10525
21-Jul-20,10525
22-Jul-20,10525
23-Jul-20,10500
24-Jul-20,10500
25-Jul-20,10500
26-Jul-20,10500
27-Jul-20,10500
28-Jul-20,10500
29-Jul-20,10500
30-Jul-20,10500
31-Jul-20,10500
01-Aug-20,10500
02-Aug-20,10500
03-Aug-20,10500
04-Aug-20,10500
05-Aug-20,10500
06-Aug-20,10500
07-Aug-20,10500
08-Aug-20,10500
09-Aug-20,10500
10-Aug-20,10525
11-Aug-20,10525
12-Aug-20,10525
13-Aug-20,10525
14-Aug-20,10525
15-Aug-20,10525
16-Aug-20,10525
17-Aug-20,10525
18-Aug-20,10525
19-Aug-20,10525
20-Aug-20,10525
21-Aug-20,10525
22-Aug-20,10525
23-Aug-20,10525
24-Aug-20,10525
25-Aug-20,10525
26-Aug-20,10500
27-Aug-20,10525
28-Aug-20,10525
29-Aug-20,10525
30-Aug-20,10525
31-Aug-20,10525
01-Sep-20,10500
02-Sep-20,10500
03-Sep-20,10500
04-Sep-20,10500
05-Sep-20,10500
06-Sep-20,10500
07-Sep-20,10500
08-Sep-20,10500
09-Sep-20,10500
10-Sep-20,10500
11-Sep-20,10525
12-Sep-20,10525
13-Sep-20,10525
14-Sep-20,10500
15-Sep-20,10500
16-Sep-20,10500
17-Sep-20,10475
18-Sep-20,10475
19-Sep-20,10475
20-Sep-20,10475
21-Sep-20,10450
22-Sep-20,10450
23-Sep-20,10450
24-Sep-20,10450
25-Sep-20,10475
26-Sep-20,10475
27-Sep-20,10375
28-Sep-20,10475
29-Sep-20,10475
30-Sep-20,10475
01-Oct-20,10500
02-Oct-20,10500
03-Oct-20,10500
04-Oct-20,10500
05-Oct-20,10475
06-Oct-20,10475
07-Oct-20,10475
08-Oct-20,10500
09-Oct-20,10500
10-Oct-20,10500
11-Oct-20,10500
12-Oct-20,10500
13-Oct-20,10500
14-Oct-20,10500
15-Oct-20,10475
16-Oct-20,10475
17-Oct-20,10475
18-Oct-20,10475
19-Oct-20,10450
20-Oct-20,10450
21-Oct-20,10425
22-Oct-20,10400
23-Oct-20,10400
24-Oct-20,10400
25-Oct-20,10400
26-Oct-20,10375
27-Oct-20,10400
28-Oct-20,10400
29-Oct-20,10400
30-Oct-20,10400
31-Oct-20,10400
01-Nov-20,10400
02-Nov-20,10400
03-Nov-20,10400
04-Nov-20,10400
05-Nov-20,10375
06-Nov-20,10375
07-Nov-20,10375
08-Nov-20,10375
09-Nov-20,10350
10-Nov-20,10350
11-Nov-20,10350
12-Nov-20,10325
13-Nov-20,10325
14-Nov-20,10325
15-Nov-20,10325
16-Nov-20,10325
17-Nov-20,10325
18-Nov-20,10325
19-Nov-20,10325
20-Nov-20,10325
21-Nov-20,10325
22-Nov-20,10325
23-Nov-20,10325
24-Nov-20,10300
25-Nov-20,10300
26-Nov-20,10300
27-Nov-20,10300
28-Nov-20,10300
29-Nov-20,10300
30-Nov-20,10300
01-Dec-20,10300
02-Dec-20,10275
03-Dec-20,10275
04-Dec-20,10275
05-Dec-20,10275
06-Dec-20,10275
07-Dec-20,10275
08-Dec-20,10275
09-Dec-20,10275
10-Dec-20,10275
11-Dec-20,10300
12-Dec-20,10300
13-Dec-20,10300
14-Dec-20,10325
15-Dec-20,10350
16-Dec-20,10375
17-Dec-20,10375
18-Dec-20,10375
19-Dec-20,10375
20-Dec-20,10375
21-Dec-20,10375
22-Dec-20,10375
23-Dec-20,10375
24-Dec-20,10375
25-Dec-20,10375
26-Dec-20,10375
27-Dec-20,10375
28-Dec-20,10375
29-Dec-20,10350
30-Dec-20,10350
31-Dec-20,10350
01-Jan-21,10350
02-Jan-21,10350
03-Jan-21,10350
04-Jan-21,10350
05-Jan-21,10325
06-Jan-21,10325
07-Jan-21,10325
08-Jan-21,10300
09-Jan-21,10300
10-Jan-21,10300
11-Jan-21,10300
12-Jan-21,10325
13-Jan-21,10300
14-Jan-21,10300
15-Jan-21,10300
16-Jan-21,10300
17-Jan-21,10300
18-Jan-21,10300
19-Jan-21,10300
20-Jan-21,10300
21-Jan-21,10300
22-Jan-21,10300
23-Jan-21,10300
24-Jan-21,10300
25-Jan-21,10325
26-Jan-21,10325
27-Jan-21,10325
28-Jan-21,10325
29-Jan-21,10325
30-Jan-21,10325
31-Jan-21,10325
01-Feb-21,10325
02-Feb-21,10325
03-Feb-21,10325
04-Feb-21,10325
05-Feb-21,10325
06-Feb-21,10325
07-Feb-21,10325
08-Feb-21,10350
09-Feb-21,10350
10-Feb-21,10375
11-Feb-21,10400
12-Feb-21,10400
13-Feb-21,10400
14-Feb-21,10400
15-Feb-21,10400
16-Feb-21,10400
17-Feb-21,10375
18-Feb-21,10375
19-Feb-21,10400
20-Feb-21,10400
21-Feb-21,10400
22-Feb-21,10400
23-Feb-21,10400
24-Feb-21,10375
25-Feb-21,10350
26-Feb-21,10350
27-Feb-21,10350
28-Feb-21,10350
01-Mar-21,10325
02-Mar-21,10325
03-Mar-21,10325
04-Mar-21,10325
05-Mar-21,10325
06-Mar-21,10325
07-Mar-21,10325
08-Mar-21,10325
09-Mar-21,10325
10-Mar-21,10300
11-Mar-21,10300
12-Mar-21,10300
13-Mar-21,10300
14-Mar-21,10300
15-Mar-21,10300
16-Mar-21,10275
17-Mar-21,10275
18-Mar-21,10275
19-Mar-21,10275
20-Mar-21,10275
21-Mar-21,10275
22-Mar-21,10275
23-Mar-21,10250
24-Mar-21,10225
25-Mar-21,10225
26-Mar-21,10225
27-Mar-21,10225
28-Mar-21,10225
29-Mar-21,10200
30-Mar-21,10200
31-Mar-21,10200
01-Apr-21,10200
02-Apr-21,10200
03-Apr-21,10200
04-Apr-21,10200
05-Apr-21,10200
06-Apr-21,10200
07-Apr-21,10200
08-Apr-21,10200
09-Apr-21,10200
10-Apr-21,10200
11-Apr-21,10200
12-Apr-21,10200
13-Apr-21,10200
14-Apr-21,10200
15-Apr-21,10225
16-Apr-21,10225
17-Apr-21,10225
18-Apr-21,10225
19-Apr-21,10225
20-Apr-21,10225
21-Apr-21,10225
22-Apr-21,10225
23-Apr-21,10225
24-Apr-21,10200
25-Apr-21,10225
26-Apr-21,10200
27-Apr-21,10200
28-Apr-21,10200
29-Apr-21,10200
30-Apr-21,10200
01-May-21,10200
02-May-21,10200
03-May-21,10200
04-May-21,10175
05-May-21,10200
06-May-21,10200
07-May-21,10200
08-May-21,10200
09-May-21,10200
10-May-21,10200
11-May-21,10200
12-May-21,10200
13-May-21,10200
14-May-21,10200
15-May-21,10200
16-May-21,10200
17-May-21,10200
18-May-21,10200
19-May-21,10200
20-May-21,10200
21-May-21,10200
22-May-21,10200
23-May-21,10200
24-May-21,10200
25-May-21,10175
26-May-21,10175
27-May-21,10175
28-May-21,10175
29-May-21,10175
30-May-21,10175
31-May-21,10150
01-Jun-21,10150
02-Jun-21,10150
03-Jun-21,10125
04-Jun-21,10125
05-Jun-21,10125
06-Jun-21,10125
07-Jun-21,10125
08-Jun-21,10100
09-Jun-21,10100
10-Jun-21,10100
11-Jun-21,10075
12-Jun-21,10075
13-Jun-21,10075
14-Jun-21,10075
15-Jun-21,10050
16-Jun-21,10050
17-Jun-21,10025
18-Jun-21,10000
19-Jun-21,10000
20-Jun-21,10000
21-Jun-21,10000
22-Jun-21,9975
23-Jun-21,9950
24-Jun-21,9950
25-Jun-21,9925
26-Jun-21,9925
27-Jun-21,9925
28-Jun-21,9925
29-Jun-21,9900
30-Jun-21,9900
01-Jul-21,9900
02-Jul-21,9900
03-Jul-21,9900
04-Jul-21,9900
05-Jul-21,9875
06-Jul-21,9875
07-Jul-21,9875
08-Jul-21,9875
09-Jul-21,9875
10-Jul-21,9875
11-Jul-21,9875
12-Jul-21,9850
13-Jul-21,9850
14-Jul-21,9850
15-Jul-21,9850
16-Jul-21,9875
17-Jul-21,9875
18-Jul-21,9875
19-Jul-21,9875
20-Jul-21,9875
21-Jul-21,9900
22-Jul-21,9925
23-Jul-21,9950
24-Jul-21,9950
25-Jul-21,9950
26-Jul-21,9975
27-Jul-21,9975
28-Jul-21,10000
29-Jul-21,10025
30-Jul-21,10050
31-Jul-21,10050
01-Aug-21,10050
02-Aug-21,10075
03-Aug-21,10075
04-Aug-21,10100
05-Aug-21,10100
06-Aug-21,10125
07-Aug-21,10125
08-Aug-21,10125
09-Aug-21,10125
10-Aug-21,10125
11-Aug-21,10125
12-Aug-21,10125
13-Aug-21,10125
14-Aug-21,10125
15-Aug-21,10125
16-Aug-21,10125
17-Aug-21,10125
18-Aug-21,10125
19-Aug-21,10100
20-Aug-21,10100
21-Aug-21,10100
22-Aug-21,10100
23-Aug-21,10100
24-Aug-21,10075
25-Aug-21,10050
26-Aug-21,10025
27-Aug-21,10025
28-Aug-21,10025
29-Aug-21,10025
30-Aug-21,10000
31-Aug-21,10000
01-Sep-21,10000
02-Sep-21,10000
03-Sep-21,10000
04-Sep-21,10000
05-Sep-21,10000
06-Sep-21,10025
07-Sep-21,10025
08-Sep-21,10050
09-Sep-21,10050
10-Sep-21,10050
11-Sep-21,10050
12-Sep-21,10050
13-Sep-21,10050
14-Sep-21,10050
15-Sep-21,10050
16-Sep-21,10050
17-Sep-21,10050
18-Sep-21,10050
19-Sep-21,10050
20-Sep-21,10075
21-Sep-21,10100
22-Sep-21,10100
23-Sep-21,10100
24-Sep-21,10100
25-Sep-21,10100
26-Sep-21,10100
27-Sep-21,10100
28-Sep-21,10075
29-Sep-21,10075
30-Sep-21,10075
01-Oct-21,10075
02-Oct-21,10075
03-Oct-21,10075
04-Oct-21,10075
05-Oct-21,10075
06-Oct-21,10075
07-Oct-21,10075
08-Oct-21,10075
09-Oct-21,10075
10-Oct-21,10075
11-Oct-21,10100
12-Oct-21,10100
13-Oct-21,10075
14-Oct-21,10075
15-Oct-21,10075
16-Oct-21,10075
17-Oct-21,10075
18-Oct-21,10075
19-Oct-21,10075
20-Oct-21,10075
21-Oct-21,10075
22-Oct-21,10075
23-Oct-21,10075
24-Oct-21,10075
25-Oct-21,10075
26-Oct-21,10075
27-Oct-21,10075
28-Oct-21,10075
29-Oct-21,10075
30-Oct-21,10075
31-Oct-21,10075
01-Nov-21,10075
02-Nov-21,10075
03-Nov-21,10075
04-Nov-21,10075
05-Nov-21,10075
06-Nov-21,10075
07-Nov-21,10075
08-Nov-21,10075
09-Nov-21,10075
10-Nov-21,10075
11-Nov-21,10075
12-Nov-21,10075
13-Nov-21,10075
14-Nov-21,10075
15-Nov-21,10075
16-Nov-21,10075
17-Nov-21,10075
18-Nov-21,10075
19-Nov-21,10075
20-Nov-21,10075
21-Nov-21,10075
22-Nov-21,10075
23-Nov-21,10075
24-Nov-21,10075
25-Nov-21,10075
26-Nov-21,10075
27-Nov-21,10075
28-Nov-21,10075
29-Nov-21,10075
30-Nov-21,10075
01-Dec-21,10075
02-Dec-21,10075
03-Dec-21,10075
04-Dec-21,10075
05-Dec-21,10075
06-Dec-21,10075
07-Dec-21,10075
08-Dec-21,10075
09-Dec-21,10075
10-Dec-21,10075
11-Dec-21,10075
12-Dec-21,10075
13-Dec-21,10075
14-Dec-21,10075
15-Dec-21,10075
16-Dec-21,10125
17-Dec-21,10150
18-Dec-21,10150
19-Dec-21,10150
20-Dec-21,10175
21-Dec-21,10200
22-Dec-21,10200
23-Dec-21,10200
24-Dec-21,10200
25-Dec-21,10200
26-Dec-21,10200
27-Dec-21,10200
28-Dec-21,10200
29-Dec-21,10225
30-Dec-21,10225
31-Dec-21,10225
